मुख्यमंत्री कार्यालय — घोषणा ट्रॅकर (2025),,,,,,
गोपनीय — केवळ अंतर्गत वापरासाठी,,,,,,
अ.क्र.,दिनांक,विभाग,प्रवर्ग,घोषणा तपशील,ठिकाण,स्थिती
1,14-06-2025,उद्योग,Announcements,पुणे येथे क्वांटम तंत्रज्ञान उद्यानाची घोषणा; क्वांटम संशोधन केंद्र उभारणार,पुणे,प्रगतीपथावर
2,03-05-2025,पाणीपुरवठा व स्वच्छता,War Room,वॉर रूम आढावा — मराठवाड्यातील पाणीपुरवठा योजनांचा वेगवान आढावा,छत्रपती संभाजीनगर,सुरू
3,21-04-2025,उद्योग,Announcements,धुळे-नाशिक पट्ट्यात अर्धवाहक (सेमीकंडक्टर) उत्पादन प्रकल्पासाठी भूसंपादन,नाशिक,मंजूर
4,09-02-2025,ऊर्जा,Announcements,विदर्भात सौर वीज प्रकल्पातून १००० मेगावॅट वीजनिर्मितीची घोषणा,नागपूर,प्रगतीपथावर
5,18-03-2025,कृषी,Announcements,शेतकऱ्यांसाठी नवीन सिंचन अनुदान योजना जाहीर,अमरावती,सुरू
6,27-01-2025,नगरविकास,War Room,मुंबई मेट्रो टप्पा ३ साठी वॉर रूम देखरेख कक्ष स्थापन,मुंबई,सुरू
7,11-07-2025,माहिती तंत्रज्ञान,Announcements,राज्य डेटा सेंटर व क्लाउड धोरण जाहीर; डेटा केंद्र मुंबईत,मुंबई,प्रस्तावित
